3.384070797044052004e-01,4.152138145710418393e-02
4.995514930756410066e-01,1.506400400432600151e+00
1.433104331310854768e-02,7.962356126729641659e-01
7.160058956252669526e-01,2.211315776757958318e+00
1.608506969777538043e+00,-5.025488193770699663e-01
5.169314264781332824e-01,-5.665076504394369467e-02
1.248805708931336911e+00,2.084488619663287245e-01
1.134202373191940838e+00,7.323243512992433368e-02
-2.947106297334078362e-01,-2.635338263953624915e-01
-1.881598604266284391e-01,5.403671795946118905e-01
-5.353280962867194015e-01,3.194844679679039734e-01
-1.974998821329772891e+00,4.419363185144079692e-02
-1.569762542151733165e+00,8.862351551875082833e-01
1.455708394529008798e+00,-5.455532329359701338e-01
-1.188178330721821663e+00,1.282091519429412019e+00
1.518186601575210792e+00,8.040761143963036650e-01
-2.188509424115235580e-02,6.768286621448105222e-02
-1.585170821113482065e+00,-1.936397921547597031e-02
-8.314454693544637287e-01,-4.452079395424025400e-03
-9.788160002510511992e-01,-6.667630652150778603e-02
1.236662942745659494e-01,1.501861137094691934e+00
-2.665947162267329751e-01,-1.063765638369592370e+00
2.842519809221855098e-01,1.361288197512352083e+00
5.734793444227178627e-01,2.152084300228223057e+00
-1.506103248404293327e+00,-1.056489709706672997e+00
-9.821576557103454952e-02,-1.331825004200640983e+00
1.042182874073331877e+00,1.604560671713823050e-01
-1.483285996232879267e+00,-1.422856412478554988e+00
3.431588977825733022e-01,2.829330973920948789e-01
6.868263615571336134e-01,4.536128211941746202e-01
1.348532155770883811e+00,-4.649513427083662997e-01
6.129724375028375860e-01,1.598175028094114714e+00
-7.394338708831538209e-01,-7.908474566576106923e-01
1.214399273542275726e+00,-2.089290619551833206e-01
1.681085020367478755e-01,7.747769876706592784e-01
-7.747476171471843198e-01,1.111680505726546420e+00
1.600281465606850695e+00,-9.703513166988106953e-01
-4.809985969163579345e-01,-1.008696001090846561e+00
8.200115910781257123e-01,1.053908191771484093e+00
-4.694579235807577744e-01,1.173337743183581680e-02
3.110999485183296720e-01,1.138026035179061868e+00
1.410778455266233244e+00,-5.830977893139587254e-01
-1.238345947283192805e+00,-3.083670462129948775e-01
1.195377624521000159e-01,-1.499764526190306535e+00
6.587372373735954634e-01,1.463111558713815936e-02
-3.535998771077634162e-01,1.380115971179562306e+00
1.137383637802813041e+00,-5.262654684459259213e-01
3.723685919591590010e-01,1.541825498457176646e-01
-1.099574688355354352e-02,-9.771772434869147039e-01
-1.315393698300199254e+00,-7.317611447834529992e-01
-7.620769372215492332e-01,-9.654950311513356143e-01
-5.834230948378640313e-01,-1.413893825386967951e+00
3.650902815566203774e-01,8.590634629416566970e-01
-1.240494701512527970e-01,-2.919589645880433793e+00
-1.910573081337811896e+00,-8.683639969234451250e-01
-1.419581555582581478e+00,3.789646368338923654e-01
2.050435969315454354e+00,1.257359816198816427e-01
-1.551918478179284411e-01,3.979617512308692429e-01
-2.375036943767881770e+00,6.949879828903867685e-01
-1.983931247551772081e+00,1.129842299376609821e-01
2.806520859245024702e-01,-1.022813162130687736e+00
-6.699491876926573219e-01,1.311731679165838216e+00
-2.274734446181465863e-01,8.695646310701506954e-01
-6.236470153215130097e-01,-1.044861053830888897e+00
-9.092727430891460738e-01,-7.164016420507601790e-01
-2.788693825146999483e-01,1.163692579332731070e+00
-4.307782767361666987e-01,-1.597297942177535290e+00
-3.575135145159261119e-01,-5.594370639198694706e-01
-2.073039620050542708e-01,3.448431949972581290e-01
4.675228014935785964e-02,8.764656092916672803e-01
1.154886910082906004e+00,-2.259596922748381420e-01
1.673798119001682849e+00,-7.562269135019753508e-01
2.997143395385854642e-02,-1.071570809359151832e+00
-5.692194857721398771e-01,-7.342186418248415336e-01
8.361167599883767565e-01,-8.791442975752425948e-01
5.419662732790449244e-02,6.267174324810553809e-01
-1.460025808539911374e+00,-1.168803828473872652e+00
1.269244740527449178e+00,-2.069505148315849141e-02
-7.055387979183570524e-01,-7.126444459799625708e-01
2.057091155611856514e+00,-9.540779377499282177e-01
2.892872381291345940e-01,-6.889960668253369835e-01
2.521067286286065023e+00,-4.518974063648766026e-02
-3.677896251419487950e-01,-1.098691718467981859e+00
-2.223889723885873249e+00,-1.088227800523189570e+00
-1.067017081197086714e+00,-3.673022995972340388e-01
-1.945187531932099256e+00,6.763093008791672966e-01
2.576747739574534665e-02,-8.873255288435821786e-01
-1.112509514247315145e-01,1.916753456651189985e-02
4.044026931934196489e-01,3.019805294888643910e-01
7.227138955633075623e-01,9.485958121036732749e-01
-7.498902360227833741e-01,-5.819272496285331497e-01
-1.117074140259691539e+00,5.611437149078422060e-01
-9.116219403603224025e-01,2.125045725343521485e-01
2.379677382669006303e+00,7.953072079503907821e-01
-6.469093879200410457e-01,-6.704460577702968660e-01
-9.164617528503890553e-02,-6.931105212067457666e-01
7.994876863205303552e-01,-1.489012164929658155e+00
8.638996504085616479e-01,1.100764792385210855e+00
-1.205688762657406210e+00,3.399013905774865840e-01
1.355624902156118861e+00,9.084268378275952571e-01
-2.268197767129157771e+00,-3.060238677269417895e-01
-2.040970609433033489e-01,1.921864729532137550e-01
-1.061057134475206443e+00,-1.215949969326163504e+00
3.584933211586993074e-01,-7.273297283852295791e-01
5.204110830834061119e-01,5.925435971513558497e-01
2.207245866029297066e-01,-3.806724598844436758e-02
1.293862477734361027e+00,2.457981414357308658e+00
-1.307013137062816188e+00,-1.001116947564676618e+00
5.181093872456907917e-02,1.765998435321039395e+00
1.618605120211403514e-01,8.660995680442457045e-01
-2.643742444834134009e-01,9.668233292582071314e-01
1.027462781629874256e+00,-1.324269513889099470e-01
-3.130259431086203636e-01,-1.702026034816473687e-01
-4.776594424556092622e-01,8.957046160691560788e-01
-3.451730610904310548e-01,-8.477274461428594421e-01
-1.302337980642696014e+00,1.083902852497761193e+00
2.132182822729978167e+00,-1.235488013766407496e-02
1.879773550258909465e+00,1.401663232433045359e+00
-6.813109362876870190e-01,2.349289995298487199e-01
2.291874337156555086e+00,1.751778529817090979e-01
6.969963415136020135e-01,1.154624426592025938e-01
2.464392928220505929e+00,-5.508043349096223285e-01
1.290485043942867449e+00,5.145160884843594795e-01
-2.439160153565943512e-01,-1.302539170782975875e+00
-5.179161572062973562e-01,2.994949727696850084e-01
3.095206641486554222e-01,-1.131063086821386232e+00
-6.366319498027319668e-01,1.604123011558726386e+00
-1.003466921988632743e+00,-1.062253329584298855e+00
-1.102139036847423315e+00,2.626961382522475796e-01
2.220094693567717048e+00,6.466402719061122850e-01
3.747358264427980840e-02,1.866143965254982717e-01
-1.722237881426021078e+00,-9.382301641690841132e-01
-1.316897985718020969e+00,-7.992301731128508280e-01
6.265959857642360298e-01,1.294560850733074586e+00
-1.674612623034647196e+00,4.024707628947534199e-01
8.870773420088657879e-01,-3.777515083625080372e-01
-5.776641122281753749e-01,2.520136332332271190e-01
-1.476343725728214373e+00,-2.318366402576090557e-01
-1.190945104576181857e+00,-1.322561669374875404e+00
3.422017484840584323e-01,4.074681028620158463e-01
3.315908069250889656e-01,2.730902728553803449e-01
8.287813250546870458e-01,-4.377644473643217959e-01
1.120974678629382160e+00,8.605378317996117618e-03
-2.165036174401300695e+00,1.630401483087411840e+00
1.378359146464850138e+00,-1.933926869540237625e+00
-1.974789161179208163e-01,1.028259813736346340e+00
-2.048905885527594783e+00,6.621752762700591211e-01
-1.440182258722194353e-01,8.393126857954811282e-01
-2.250667375374157064e+00,1.007159593704629735e-01
7.022170783642811553e-01,-3.115464771011349776e-01
1.030473199999753398e+00,-1.360479639494990511e+00
-6.964861345424869787e-01,3.049508534029209406e-01
-3.904798134417169497e-01,2.538260535215961511e-01
1.508872644306765043e+00,-2.758556908946188657e-01
2.177401146569074297e-01,-1.799878943060990444e-01
-4.864609949754520879e-01,-8.745266081555389537e-01
-3.502833175316868441e-01,-1.183952321505298055e+00
-1.412394409856516653e-01,1.216667137336494148e-01
8.547184549248046936e-01,-2.364421042137635209e-01
-8.752797105820162571e-01,1.310361806018259134e+00
1.916771249858324921e+00,-1.374821380322287512e-01
-1.355227229207134121e+00,-1.089641145572330272e+00
-7.873696880993792391e-01,1.024515697268524095e+00
1.179401677886219080e+00,2.555713193788063720e+00
1.168120534975995106e+00,3.287327669026016141e-01
5.515339112378812025e-01,4.709764915938280394e-01
1.477910613406264728e+00,-5.679803822766124055e-01
-1.221748837625480366e+00,-3.897523150870971231e-01
-3.895596992372488826e-02,-7.481305212235984659e-01
-1.673683454651154756e-01,5.429600456968084465e-01
-6.200648456608492953e-01,-8.135565213259486894e-01
-4.075201866213564172e-01,-3.036446972096193408e-01
1.905754888471803188e+00,-1.079968436234163054e+00
4.005417008857727335e-01,1.191643429261632470e+00
-3.277009644307430913e-01,4.055495232881813350e-01
1.113962670521188247e+00,-5.359129849893790043e-01
5.342485813402830797e-01,-1.463852703555162948e+00
-3.311212123371192612e-02,-8.581871358798285332e-01
-1.502067757779117219e-01,-9.099443031346851063e-01
-1.705870030825361372e+00,1.086042415924706628e+00
-5.891328282112758830e-01,6.559706439863077776e-01
-4.338470811126080018e-01,-1.037373430858779200e+00
1.771203883412673319e+00,-4.471076299822206446e-01
-1.132286924730214528e+00,8.328433294915851270e-01
-8.297288454490380216e-01,2.791384320376756878e-01
-5.624064708925500256e-01,1.073946165502612349e+00
-9.416575276189165233e-01,-7.499474013407404493e-01
-3.053841282739174989e+00,-8.290015811352118291e-01
-1.631247259163826291e+00,-1.187950428837990291e+00
1.489253819934389211e+00,-2.204014601637533377e-01
-7.957874190375487933e-01,-1.134446601508787511e+00
-4.999262193483007266e-01,-2.337171575348954977e-01
-1.312973990910746291e-01,-9.794663352071792950e-01
-5.288312378509384404e-01,1.475759237518968536e+00
9.037463005184994680e-01,4.829054292980370922e-01
-5.213604335783064148e-01,5.312996904652694807e-01
1.390560781591833883e-01,6.872764832386263345e-01
5.860598074771133925e-02,-7.687098179013117649e-01
3.571011212837564286e-01,-1.995189283967654159e+00
-8.095134652542247400e-01,-4.229801914581275690e-02
5.156204383161613336e-01,1.205765087960490867e+00
-1.116966721138250573e+00,-2.189674703490476493e-01
1.444556077736465216e+00,1.620356704134896519e-01
9.800072967287190018e-01,-1.291809838023917578e+00
-1.596857714622974767e+00,1.337138736770704828e+00
1.963396276018345432e-01,6.089985121728233031e-01
6.322691595056006975e-01,1.918273721291418932e+00
-1.260885577837423388e-01,-3.961952628386573583e-01
-4.750700843928861161e-01,9.716314280266223902e-01
-3.770557201015254378e-01,-3.305009211269197000e-01
5.644872043701562037e-01,4.202404824355915336e-01
-1.711565154319269144e+00,-7.055007348502970732e-01
-1.872382685819392822e+00,6.618001014914316471e-01
7.346733734010651995e-01,3.382053292564839442e-01
-3.035321098741781687e-01,-2.218503797546692802e+00
-1.433063861447235743e+00,-8.637529117939860557e-01
-1.158622599788211027e-01,5.629998265699710513e-01
1.337370362662254841e+00,-1.517432344112715992e+00
2.322564311963775940e-01,-1.614539876997257650e+00
4.753577796396362687e-01,-1.336420909051053707e+00
5.460131264032828113e-01,3.316980363665968934e-01
8.897783357589518216e-01,-5.761145476252622633e-01
6.762451580755898251e-01,1.623499614223003373e+00
-6.596264378893867963e-02,-1.725902633041817236e+00
-1.034998285315580802e+00,2.904638917313449031e-01
1.587639848982757840e-01,-3.161452126354480918e-01
1.544808355537089284e+00,-1.136266870411306584e+00
7.507608936579797110e-01,9.074160780441785645e-01
-9.177652946935221934e-01,-7.329107354920569306e-02
1.097199078188197729e+00,5.587458155350286670e-01
3.899571391535069931e-01,7.056554204572279554e-01
-9.510825416216277528e-01,9.588237182040643125e-01
2.068833413047022063e-01,1.771826981084287933e-01
4.521442660524565005e-01,5.723971328139958459e-01
-4.556427246466283609e-01,-4.766182783199299777e-01
1.624270336797680958e+00,-1.345044208844976552e-01
2.004182894067396969e-01,-1.260294212609014863e+00
-3.714410246638568114e-01,6.179691328075117562e-01
4.556409789907230334e-01,9.897341655925415704e-01
5.671201109921097244e-02,1.489824156567280511e+00
-9.616552977820731485e-01,6.987708688612089825e-01
-4.927974309622798477e-01,4.557733953866552890e-01
-1.268069069304112340e+00,-1.118747655757399873e+00
-1.158493335925677936e+00,-2.889850026610581990e-01
-8.806619263181961754e-01,-6.042049622399084940e-01
-2.890123792749110798e-01,4.378872964311745775e-01
-1.789140939750919201e-01,-6.398848289162935021e-01
-2.561125739235238896e+00,3.021366242511080644e-02
9.098241710894254819e-01,-6.112511993225698825e-01
7.408604498121514892e-01,-8.232907071345998418e-01
1.534114287782344377e+00,1.389400919005256529e+00
-1.735091575343818970e+00,-7.531685681421200762e-01
-1.014912167926456110e+00,2.947997798362774979e+00
-5.983067055079382968e-01,-7.945796299102201310e-01
1.973560804241249744e-01,-7.581997798746656358e-02
1.319984923591435710e-01,-5.495642285836369600e-01
-1.031513159865659501e+00,-4.804932423196872637e-01
-1.573392198235044948e+00,5.103140468815203779e-01
-4.725923691423561945e-01,6.378323503832754593e-01
-9.999152011536770468e-01,-7.404425468382584974e-01
-8.551807244010660725e-01,1.217935321459162612e+00
4.198485686740067169e-01,1.097786571796378619e+00
5.375236576623338980e-01,3.470865497162681779e-01
-3.993318670355078259e-01,-2.263219911045713864e-02
-5.875406152682143279e-01,5.771132905375514488e-01
6.921918182353616888e-01,-1.106449133653922612e+00
-3.315253270332068070e-01,2.932709168053249105e-01
-6.607570879954582921e-01,-1.220041055605288083e+00
1.378830923401112241e+00,2.357119052300195250e+00
1.855976105347622862e-01,5.671977974341188000e-01
2.363895245650169119e-01,4.292173311584588924e-01
6.451716590777240024e-01,-9.062357503011271298e-01
-2.693581458466765000e-01,6.247779645503049872e-01
6.037066728032696172e-01,1.663986134453245391e+00
7.346714927712937049e-02,-1.668689735845958699e+00
-3.232062477856286753e-01,1.280309759498554634e+00
-8.959875484454556949e-01,-5.419072847026716877e-01
2.917635561151871171e-01,-4.590465691069972043e-01
9.921392953470645759e-01,-2.747073803263034186e+00
-2.015391166423444069e+00,9.422863366097355975e-01
-5.320358034551309068e-01,-1.253339563199119100e+00
-2.360099494826541355e-01,2.759348703925583179e-01
7.878644982724936074e-01,-2.433713408772666398e-01
-9.059206401937526243e-01,-1.393967551268052163e-01
1.225375841198758531e+00,-2.786827835445119736e-02
-1.280401481712102107e+00,-2.069581644679322707e+00
2.244830735238517033e-02,5.092513362296308133e-01
3.547876323640531959e-01,1.952922713770600671e+00
-1.204164238601269421e+00,4.754477213358649923e-01
4.149286794185915728e-01,-6.952858911279772292e-01
5.984287463060329326e-01,2.812324567150994992e-01
3.687805156516572591e-01,5.813861321795524839e-01
1.492314013711183218e+00,1.869800531671286459e+00
-5.022926683514171708e-01,1.456124176809597603e+00
-2.974636242971521183e-01,5.505002354870751624e-01
7.310614078092963521e-03,-1.353183004829840552e+00
-8.263898186241979138e-01,-2.584924692233870669e+00
-1.371764177286020070e+00,5.405505196927554157e-02
6.506296633704934385e-01,-2.129084300473217672e-01
1.849538737738439576e+00,4.665808813169251001e-01
-1.674810103001157069e+00,4.465375569367104891e-01
-2.326321785512120766e+00,-2.607138761591504261e-01
1.513758439987603344e-01,1.467585599694702925e-01
2.767383725022355634e+00,-2.250436740818350323e+00
-2.085677163620172969e+00,-8.273286984596297522e-01
7.959194053487902432e-01,-2.564046867330969648e-01
-7.902902126764386193e-01,-2.977024369064930065e-01
-5.238881120761967186e-03,-8.417561519390520663e-02
-1.295985203951992570e+00,1.271224805974037420e+00
8.957734903276401983e-01,-1.238387426857318480e-01
4.835581196638720769e-01,1.188533843136948320e+00
-1.406058825257456624e+00,1.234066965997769882e+00
1.386145397526372225e+00,-1.537019299276443096e+00
1.129618973851008068e+00,1.705137494074301152e+00
9.653650414236676358e-01,-9.149815696043853697e-01
-2.187020550520248463e+00,4.939848616564867512e-01
3.834947521383553770e-01,-1.293661837262455871e-01
9.166974101263066776e-01,1.180719679733213345e+00
9.602179077022283682e-01,4.117091341989062570e-01
-9.572724713610570868e-01,-6.974818374542738342e-01
9.060843902304678565e-02,-1.611208507246371102e-01
8.513652191281696480e-01,1.359162848365861986e+00
1.300755953753924388e+00,8.277311828453858267e-01
1.570848389237080867e-01,-2.408267378687547200e-01
-1.645646411141748366e+00,-4.107297199326657156e-01
2.263353174748496954e+00,-2.056474604732964617e-01
8.313651744365118113e-01,5.219365276958565919e-02
1.017949702383400989e+00,-2.388207466088631270e-01
1.467903338405480929e+00,6.202045939708979994e-01
7.923415934667610294e-01,7.333175067083390619e-01
3.078608769757009700e-01,-1.907812558163089200e-01
-1.328483793675962588e+00,-5.641347004457247793e-01
-6.108777445614065049e-02,-5.684712041315659325e-01
7.251426814464223113e-04,-8.678054355009783005e-02
3.363522821559628562e-01,-2.616012451260098237e-02
2.951484834157892534e-01,-6.425846452327920177e-01
-6.679459625096916264e-01,-1.034855083110280294e+00
-2.017543495616931915e-01,-1.161525744364339419e+00
-2.290695922123916761e-01,1.494055292549682612e+00
2.993993354779861393e-01,1.586348721089474445e+00
-6.523323359995941706e-01,2.474866795848561785e-01
3.032436893861894522e-01,4.423108261850183243e-01
-3.617920525953479127e-01,4.143967635391841431e-01
-4.967523492995610801e-01,2.831375373893564237e-02
6.913493050160306186e-02,9.539874261904536246e-01
-1.214064931107965872e+00,-9.980861511543333009e-01
-1.232418729059606255e+00,3.695256213472030149e-01
6.386243335349259809e-01,-6.384209525151526843e-02
-5.724263339128536909e-01,2.387195127895951757e-02
2.509352455701489015e-01,-9.423810840376823927e-01
1.483952809538418294e-01,-1.281295289642782276e+00
1.905100623755697220e-01,-1.247937210403160968e+00
5.920734409024290823e-01,-6.774855612466356147e-01
-4.263766633179293386e-01,-1.814664082481394658e+00
4.494112644764327591e-01,7.931203188360905210e-02
-3.009582932033079139e-01,1.708369764292526627e+00
1.418800425016402134e-01,-4.899368098979646202e-01
3.761732657088130427e-01,-1.179169306313489485e-01
7.381293994301485473e-01,1.151554303594249706e+00
-6.765126529520897325e-01,6.100586236801259776e-01
1.589852025532630275e+00,2.490391835212150684e-01
-4.061955913535355567e-01,-4.282523172368926656e-01
1.987454537746903907e-02,-2.701314458875606617e-01
-2.304477801233674739e-01,1.893152818464673537e+00
-2.508203506841884534e-01,3.853014312312600387e-01
5.105671755217633390e-01,-1.491826325258482022e+00
-1.056041082855784907e+00,-6.362872336681640872e-01
1.366431900847661918e-01,-6.030347431364080357e-01
7.275456998098109862e-01,-1.348367754825994025e+00
1.256220151708107524e+00,8.144847704735905247e-02
-1.371705218588500086e-01,-1.016394366175491282e+00
-5.818787872191879540e-01,6.703715420833762373e-01
4.905462857773348201e-02,-3.238752604992152784e-01
1.142320748069047820e+00,-3.551074334047878422e-01
9.873689656993667185e-01,-6.819035692659584091e-01
-3.818687644499381140e-01,1.573933812015940459e-01
1.861796099905945301e+00,-4.201769090221904035e-01
-1.273656510020162447e+00,3.882575441573019037e-01
1.765693167361826188e-01,2.187117554751012993e-01
1.239517766271004184e+00,-8.035557667185559971e-01
-1.984133258659845616e-03,-1.895623359366990002e+00
-4.213874604667566248e-01,-7.212670400646044033e-01
3.159698381472547668e-01,-1.128962554635234150e-01
4.506958895632586642e-02,1.123435543819681692e+00
1.182672655805939499e+00,-6.596202311771275362e-01
-3.557672806978452729e-02,5.262715589960765827e-01
-1.843602942214605189e+00,8.242693422615937626e-01
8.046321643239267019e-01,1.201380984411155817e+00
8.991839593675859943e-01,-1.197826941201293599e-01
3.270480445362620309e-02,3.552547882551779779e-01
-2.208250011140168723e-01,-1.069593364094841154e-01
-1.613565079767214361e-01,1.457038107365783708e-01
-3.830335654049586425e-01,2.030829749266272799e+00
5.502042321783835455e-01,8.208024861064545652e-01
2.631971486245133218e-01,-1.628343305486479986e+00
-8.610081692823468025e-01,-1.239558332392601159e+00
1.234881924131836284e+00,7.234758850938718955e-02
-1.046972792672759223e+00,-3.253846471716636546e-01
-1.378815730731631328e+00,-4.344630585792862432e-01
3.179828582484579558e-01,-3.418506802095900299e-01
1.341009007907930650e-01,1.046179939136826942e+00
-8.377979948962647194e-01,4.805800403392768150e-01
2.649899750887108052e-01,-4.550713948371635231e-01
7.711556549894064139e-01,9.872644026607584056e-02
2.104740517446553605e-01,-4.760562618971703741e-01
-6.010879355727734019e-01,3.139435970774218099e-01
-7.148355270749218171e-01,-1.427793297995019417e+00
-1.784365742968625046e+00,-5.094668480040714931e-01
-1.521874184317555112e-01,1.032383324379211986e+00
-9.942891244601734790e-01,6.659699428357592765e-01
-7.239791807671682733e-01,4.857860043903296926e-02
-1.748284430905583609e+00,3.222850179032100693e-01
1.019952245486969611e+00,7.855698968270713456e-01
1.192550879890374116e+00,-9.270488072453937356e-01
1.241693475102448492e-02,1.195491263827048734e-01
2.633330340381410117e+00,-6.647960353281956447e-01
2.485946021635263015e-01,-1.983061391615970337e-01
-1.375309842771314406e+00,3.609676152439125763e-01
-1.534653120803703530e+00,-3.859954395826808993e-01
-4.840797836638293106e-01,-2.108460343534463544e+00
9.713944145982074119e-01,-1.142643014834220150e+00
6.471679586091181324e-01,2.644174130713913828e-01
-2.420457745941128280e+00,-1.069860833106018649e+00
-2.916073939912510182e-01,4.252112164723504395e-01
-5.132081342693918247e-01,-1.687885535329786135e+00
-9.265231227028495331e-01,3.501676315409922857e-01
-7.223152001611686801e-01,6.342881759364896732e-01
1.203731972359657565e+00,-1.737342812825474481e-01
9.656079696437766535e-02,8.506569887749095005e-02
1.010150876052858360e+00,1.013304062902166347e+00
-1.190167653720144852e-01,2.287986182875239916e+00
-6.564233928164927567e-01,7.379103972895759700e-01
1.061770605570942383e+00,7.425051657213713741e-01
-1.136219497308166293e+00,1.070305276983340326e+00
-1.179245652378178022e+00,5.891887697275992597e-01
-2.986349789410771005e-01,2.009845726257445675e-01
-3.791482997475850159e-01,-9.848114218066006398e-01
9.698577081989645521e-01,9.125597996239287468e-01
-1.800970807862165568e+00,-1.082841844037742085e+00
-1.198912346630770509e+00,9.311522510655324547e-01
-1.935510000991995938e-01,-8.009258763066173792e-01
1.747167325173952346e+00,-4.711820683070518379e-01
-6.850751664796402851e-01,-6.489509569841608316e-01
-1.920256611582211503e+00,-1.100334082465124347e-01
7.808377123294302224e-01,-2.137098125793673642e+00
-5.745603004260457780e-01,-1.378554346878105852e+00
1.779117994854604312e+00,2.698349493764078399e-01
-1.161167567739288753e+00,-3.334751807942747392e-01
2.662918161359389302e+00,1.263819368397514520e+00
-3.971800822774875228e-01,-2.463683143511754547e-01
4.298120931645755816e-01,7.090182288568138702e-01
-8.884587370032351328e-02,1.041334285832788531e+00
-2.135134116193998233e-01,1.089280279395860723e-01
2.479077562256658609e-02,-1.863331083865535642e-01
-2.420082531041176377e-01,1.853543647954049578e-01
-1.035785895702369952e-01,1.466215479206564698e+00
4.680754984596987023e-01,-2.084922167829400763e+00
-1.145527137697942788e+00,8.466831418141340659e-01
9.381647195053852695e-01,1.324010677944595649e-01
9.315267615051399386e-02,1.373546951633674296e-01
-2.842163394746126392e-02,6.065491401375875391e-01
-1.829668795626453903e+00,1.248361514767641234e+00
-1.558281017898512921e+00,-1.111470921922583788e+00
-1.426378693221231009e+00,6.420822661963834221e-01
7.084492664408468254e-01,2.376578365857485720e-01
-5.056227009940199996e-02,6.029811818585909533e-01
8.406341615333254857e-01,-1.624144736718185822e+00
-1.141289912136005835e+00,-1.433364253846851621e+00
-1.812903832436195684e-01,1.323010359543572934e+00
1.320651051023582268e+00,1.243078158286397672e+00
-8.503489089138318580e-01,-2.103708287449603531e-01
-1.132345950411702412e-01,7.392179048463949353e-01
5.794463792228781163e-01,1.049928224944495642e-01
-5.929072347486970262e-02,-4.682994587415600374e-01
-8.118439087150665090e-01,-5.206732761451842578e-02
-2.049309218691607315e-01,-6.324384967546933245e-01
7.777387335806467128e-01,-2.342176461791835251e+00
1.166090164638316634e-01,-1.211926792776415462e-01
-4.333681415601986497e-02,-4.230016531819970060e-01
1.086803973397501011e+00,7.128846927004208744e-01
7.599567649915075496e-01,5.378741295024230817e-01
8.027015398462157281e-01,-2.257836306674636084e+00
-1.122623395518928202e+00,-1.367417151799799058e+00
-1.527231775382224432e+00,-3.019971778843744681e-01
-8.226077818135119069e-02,1.215718251388564930e+00
1.112888416654550378e-01,1.372485378143085910e+00
-5.966358185668260150e-01,3.297298071410629389e-02
-1.539789918593496232e+00,3.677144254036245896e-01
-4.144166636322098585e-01,1.304351097646214264e+00
-3.192711860510016181e-02,-5.931569592805705504e-01
8.373171137274976195e-02,3.574006126277747830e-01
3.929469731151455925e-01,5.338040408365642975e-01
-3.276738115295530829e+00,9.542293991294981126e-01
-1.079968675415681756e-01,-4.239063865187521207e-01
-5.225087627374499499e-01,3.336115423846154893e-01
-2.602568100710648397e-02,-1.555929897837712961e+00
-7.687906354040693890e-02,1.671400033760035653e+00
-8.684854320926203020e-01,3.510959460716452374e-01
4.157239850165939665e-01,1.179542471319065422e+00
-6.976599788629654908e-01,2.366575528378228821e+00
9.965674723516714240e-01,-7.881717075027705466e-02
-1.345405716535520713e-01,-7.448822410019425577e-01
-1.465183340636442955e+00,-7.757017637459320269e-01
8.166505866987359974e-02,-1.309218145770096875e+00
-6.901345978087103372e-02,1.978776835083469743e-01
-3.148325310473463201e-01,-4.800413302474419719e-02
-8.977922823976951516e-01,1.149814699530288475e+00
1.393845159846336834e+00,6.547433502932187288e-01
-4.469508159547824211e-01,-1.539890295958613375e+00
4.070445370092005133e-01,7.236683279918847411e-01
-2.716493882341702859e-01,1.552746325006634009e+00
-1.441892902012389399e+00,-5.578020544417652271e-01
1.329421710969605597e+00,-1.282194594698331525e+00
1.874783649765638383e-01,5.017842752424103159e-01
1.895207569230613842e+00,1.059126286158346281e-01
2.249753020662735636e+00,-9.415617993521547824e-01
1.188503741197747043e+00,-1.455523845457902032e+00
1.012574919692263098e+00,-5.979179493859595462e-01
-1.568875476659729595e-01,-1.965376370756609647e-01
-2.112685670459208964e-01,1.407600773988027631e+00
2.552688511046769526e-01,8.099052973254554644e-01
5.853240107846107154e-01,-1.270227360291566132e+00
5.677184953522205202e-01,8.015776890760147877e-01
-6.539421444446759102e-01,-2.910303679339068528e-01
8.706482994442565904e-01,-1.644203228054357813e-01
-1.097729341294559013e+00,1.573662791078440870e+00
-1.762332238947002860e+00,6.865473472264314037e-01
-1.330797212666038343e+00,3.741650646866689911e-01
1.733758996249161299e+00,1.166917025473610980e+00
-1.905936931131286260e-01,7.546647244865694049e-01
1.928480852192102080e-01,1.422501218181213556e+00
9.573885296971283987e-01,9.301695636774515163e-01
-4.176969739633933087e-02,8.966433640246129766e-02
7.436690830551282438e-01,-4.048586452753960008e-01
-9.896560384533039656e-01,1.236635602001542739e-01
4.622781752101615682e-01,1.529836681540452659e-01
-8.654391019062489254e-02,-1.766602302415804515e-01
1.005902491060683301e+00,3.062206724117346179e-01
1.316420143569174250e+00,-3.479397700618037104e-01
-7.113474285817862341e-01,-3.626352616097963666e-01
3.516625869250425973e-01,-3.441245873897152419e-01
-9.441010552594255589e-01,-1.472737572340709677e+00
6.732027499456021413e-01,-6.170873607246439851e-01
-4.947835980194851824e-01,1.654970895770255246e-01
-8.463498596695792076e-01,2.607019960616328569e-01
-2.474176583206424279e-02,1.396593108016160656e+00
-1.061488090255761352e-01,1.481985262414289961e+00
-8.426266959196903050e-01,-7.733114426876966929e-01
-5.438986523829896225e-01,-1.748674962912175612e+00
-1.736994913712084157e-02,-1.559116707922498235e-01
8.677119227528938827e-01,-2.159268595695646165e-01
1.701154903546260311e-01,1.237913392483546815e+00
2.262564398757644923e-01,-8.523035239341876235e-01
1.948481002645979121e+00,-1.546529801061589771e+00
-1.043122284370379793e+00,9.165125648592746810e-01
2.166354973337720757e+00,-6.448449947661717419e-01
-7.404761158181467906e-02,-1.393001336198436801e+00
3.941333175748276685e-01,1.414210065848905684e-01
-3.240252638196717827e-01,1.020232198734257079e+00
-1.521799700938468947e+00,-2.661046933286457805e-01
-2.842725586056076281e-01,1.827028487346925800e+00
-1.620313308860612089e+00,-4.870218279074756684e-01
-5.105263652433733590e-01,6.804245384054108392e-01
1.503660635471180673e-01,-7.633330994951604831e-01
-7.966161789129883042e-01,-3.814252079651069827e-01
-4.879446927347566021e-01,-4.644794561826836587e-01
1.160696630482108471e+00,-2.792455792162063521e-01
-2.230172529663599357e-01,8.494039847573534585e-01
1.992298350104697802e+00,-2.233074642623736339e-01
-1.663564945909516091e+00,9.960251378746032280e-01
3.814119799399210420e-01,1.091719481217371168e+00
-3.865146398473439104e-01,-2.549895678198983440e-01
-6.081193846049697260e-01,7.759757682396343226e-01
-1.010923440097940995e+00,1.351088161383193320e+00
-1.286642224233360832e+00,1.050284106696157460e+00
7.774362506037332810e-02,-3.951234656741198781e-01
1.692691851165828432e+00,4.532856107252854205e-02
-6.897120427134507681e-01,2.432070365256192357e+00
-8.318977539833347090e-02,6.732428858980885611e-01
-1.085102702851388434e+00,4.170992257881397380e-01
-7.809709806965249301e-01,-8.411537908825664767e-01
1.359985042212623840e+00,1.845950166237783296e+00
-8.049924524676620452e-01,-9.134865937804519109e-02
1.230794147937552596e+00,7.667093030492948547e-01
1.421017523255093895e+00,4.860295257577373906e-01
1.063710840150680959e+00,-6.716430242444102472e-01
-7.100981852252986892e-02,1.611509361240560212e+00
1.963458800115137182e+00,-1.024395314634524601e+00
-1.770397680017795849e+00,9.209484707688860849e-01
7.521172025978033471e-01,-5.000886311120967820e-01
-2.013297440617212164e+00,-1.024973667125740201e-01
-2.074061159569509982e+00,1.687568800713371009e-01
-1.360085705580253768e+00,-1.867483087398657426e+00
1.935277073427615679e+00,5.970745914127597587e-01
-2.461610484105833108e-01,-2.296607626386468204e-01
-2.591773272845524723e+00,-5.242057448751389348e-01
-3.522159926631975857e-01,-9.868783477199319365e-02
-1.937032298269042663e+00,2.085459611300810590e+00
4.320062844411184932e-01,-2.151465954273526826e+00
-1.642901394689443850e-01,5.165020263096898878e-01
-1.019455602211495782e+00,-4.972046326313280806e-01
-1.887486099399281692e+00,9.531333088148806476e-02
4.377106595479509643e-01,1.318765701075159225e+00
7.303357166015853608e-01,8.369860688498919066e-01
1.275108774942411483e+00,-7.238036878683233866e-01
-2.107202406977066733e+00,-8.191213612871081073e-01
1.425565624117484997e+00,2.728566922412554996e-02
2.016934029355856861e+00,-9.307379555281957151e-01
-4.184192264162769903e-01,-9.915347293189898936e-01
-9.705990678115403725e-01,5.754379572036107948e-01
-7.296649073219626525e-01,-5.780239918123283305e-01
7.033166509497755792e-01,1.979077941278548858e+00
-7.459765894698748845e-01,1.126860004935255510e+00
-1.716587079952794914e-01,-4.163856363397108740e-01
-7.387521948765346513e-01,1.744645157906137278e+00
-5.085646612709194825e-01,-1.529483435574247041e+00
9.269447375864382499e-01,-1.201755424612281686e+00
2.738016884638682646e-01,1.791429079199628349e+00
-2.812840053641519900e-01,-6.093195923399492564e-01
1.049738578680254664e+00,-9.366894026054939371e-02
4.973867571882740202e-01,-2.831483427831447131e+00
1.077114343163335208e+00,6.056242972317136403e-02
1.551724992725211916e-01,-4.040135604128638480e-01
-1.084106936486497696e+00,-3.648558914358563943e-01
3.873507807136484793e-01,5.299247763954675339e-01
8.986234317780240899e-02,-1.802728316276319909e+00
6.293712658303307617e-01,-4.818211422813963307e-01
4.249008006459230047e-01,1.341425197263545810e+00
1.833187372413618954e+00,-3.577426176705654215e-01
6.552236098484293114e-01,2.213374925921898217e-01
-1.687935627002351835e-01,-7.886192960567963706e-01
-2.492132245108495681e-01,-1.711992195004709894e+00
1.637268569001878227e+00,-9.864479217587653892e-01
-9.762207964726955511e-01,-1.969187631477868239e+00
-7.998542680658415893e-01,-7.364177770085079677e-01
-9.477046951180757572e-01,-8.620068063855308438e-01
-1.154700179167944984e+00,2.110960064529187330e-01
1.082214857701566002e+00,-3.273115389281834875e-01
-1.553081464998850469e+00,-1.205579193752487566e+00
-1.606503951813092801e+00,-2.186987959115019198e+00
-9.621471640834245997e-01,-1.910234610384036857e+00
7.220752413458034757e-01,-9.671294177315042928e-01
-1.449664293445851682e+00,-1.258898541077752231e+00
4.231327012944373633e-01,1.859618791387905201e+00
6.935395597124059952e-01,-4.945732235953523848e-01
2.785394949540060949e-01,2.973188086612979508e-01
3.716571624098558568e-01,6.299697901790528576e-01
2.080756011921213733e-01,3.263041465720583068e-01
1.440618817714288680e-01,1.523476206074351857e+00
6.877568916226570739e-01,-5.878592616985183206e-01
4.360479942027023492e-01,1.940736731576237828e+00
1.828535852991155786e-01,-1.921102005214339326e-01
-5.483843029485425680e-01,1.722277506923079460e-01
2.411817735413155639e-01,-6.251454543664007879e-01
-7.921226040889263464e-02,9.454400713188224614e-01
9.148302161688252054e-01,2.580549128399085013e-01
-2.333579534113260134e+00,-8.828298080042096263e-03
-2.613465638121568180e-01,2.168798300859113293e-01
-1.126582730171208135e+00,2.113006534138669235e+00
-1.072161892987024023e+00,-1.313733359971755554e+00
1.752917846076197828e+00,-1.947567147941214882e+00
7.157120830235950137e-01,-4.508762778815312844e-01
6.598475458577990338e-01,1.447196108158122607e+00
6.698346866559100610e-01,-2.844770536804669403e-01
-2.583735206846222709e-01,2.381632438405942020e-01
-9.362197860869427846e-01,3.635270704987361157e-01
-1.015405339551871178e+00,-1.052681445327348975e+00
1.682845420862970176e+00,9.907640192215937391e-01
1.436476092640602165e+00,-3.847746921274581844e-01
-7.004676252092593147e-01,1.000462017098799450e+00
-1.105718367406975489e+00,4.765599843277934511e-01
-7.559057955717967126e-01,2.690507367533653493e+00
1.219713844306179240e+00,-6.233792734507378336e-02
1.089403679731747177e-01,1.909436600050677113e-01
5.406612849139619259e-01,-7.028852310920707946e-01
-7.189166257139476546e-01,1.558724072920291803e+00
-2.763652993350465437e+00,-1.523985711282849487e-01
-9.946250076247199479e-01,-1.230088042273402404e+00
3.260440224071010640e-01,2.171090362638076865e+00
-3.103158497913114933e-01,-9.213780670419058350e-01
6.051282625855433084e-01,3.367798025764111580e-01
3.188946431593802533e+00,4.500650380676455842e-01
1.580798641360290357e+00,1.687182896405503008e-01
2.711097779831155297e-01,-8.890109388408321545e-01
5.431270543677593210e-01,1.036515431012293709e+00
-1.692051147715339265e+00,1.342121467825574677e-01
8.566337818617356659e-01,-2.487840501793945613e-01
-2.728028450286545503e+00,-6.846973425622683296e-01
-5.508262639367195179e-01,-3.451360738870883904e-01
5.819072041383213101e-01,-6.789818690887472474e-01
-8.137943409750270085e-01,-7.835766963087378301e-01
2.089630342595996559e+00,-1.853353447261391951e+00
2.469891976700344660e-01,-7.706056717255592714e-01
5.549535431916969852e-01,6.930878168885254986e-01
-3.355423590717010462e-01,9.354384343712562888e-01
5.041075816480171667e-01,7.551381798054394856e-02
1.073034603798069364e+00,4.640258910633176526e-01
1.042767974999109087e-01,1.224476283588000980e+00
-1.599921957194601896e-01,-8.976117800406198111e-01
5.862405455615872230e-01,8.432767039392120578e-01
-4.798521265615304787e-02,1.534893338582766331e+00
2.575049418813235014e-01,-2.520020177398111794e-01
-6.118208449422908313e-01,-1.911832765477973872e+00
-7.343754349176224716e-01,8.160229685827429247e-01
4.928627389483315469e-01,-1.232662957270229009e+00
-7.273452983944225236e-01,2.229487838997328553e-01
8.615254420643432276e-01,-4.410768481958933784e-01
-1.227438125327682705e+00,-1.179968669381421975e+00
-8.569956520291736046e-01,-1.681325649008899248e+00
8.234494556481557481e-01,-1.570773963787922112e+00
4.669848596767789961e-01,-1.748933734506079585e-01
1.039298053321472404e+00,7.124154189804174919e-01
2.238500847585503939e-01,-1.196536901563598487e+00
-8.846729316586109393e-01,-9.607453529576203133e-01
1.068491745771625867e+00,3.943488871999722978e-01
2.665976213517194937e-01,-9.021021011466091866e-02
5.083810563384028036e-01,8.609027735693024486e-01
-6.443663391650422678e-01,-3.605952554733676124e-02
3.213237796838992744e-02,-8.545419916600702770e-01
-5.255641238833141937e-01,5.999371995064323171e-01
8.836965712828046549e-01,-4.146709378347523400e-01
-1.342100374371444804e+00,8.077304296770214664e-01
1.555017552383463508e+00,1.430419571516996058e+00
1.109098419124343593e+00,7.315086559079917450e-01
-6.306160283101430730e-02,-5.405027056276533459e-01
-5.567160991223183419e-01,6.824930992618877257e-02
1.398886668919216536e+00,-2.016140967716889332e+00
-4.363325839625100677e-01,-1.772723692857442135e+00
5.263588211260329386e-01,-1.441217111374281518e-02
-1.789356690023346380e-02,-1.600298482864384031e+00
3.949720436073612256e-02,1.114053102124468175e+00
1.032324459113361348e+00,1.438768289178264492e+00
6.123392108763504593e-01,-8.105262970302704040e-02
1.279971410405555288e+00,5.683638629880310988e-01
2.335702454766528657e-01,-1.046740678137347280e-01
5.765097319883943916e-01,-3.595754946889240800e-01
6.797047011663488458e-01,5.469303213105507488e-01
4.604132159167054761e-01,-5.046527636032889230e-01
-8.407352527175303292e-03,-1.572388249004107522e-02
1.057076389501417080e-01,-1.125891984127812773e+00
8.140192968800621376e-01,-1.420585807501486553e-01
-1.508544039134365633e+00,-1.575200757856108913e-01
3.478329517140159588e-01,5.861316955075890345e-01
1.121726091622115007e+00,9.821351898755447118e-01
7.730268508861719567e-01,-3.144470304727003951e-01
1.007592989889271040e-01,-2.397918409003346518e+00
-1.402888088067589523e-01,-1.006751186797588238e+00
3.462707483232205785e-01,-4.313755429798497021e-01
9.267975464564955912e-01,7.505053446881833866e-03
4.107385290203901529e-01,-3.394519650414095091e-01
6.821285339383730273e-01,9.022126458395997028e-01
4.427589466576253296e-01,-2.048906767834743903e+00
6.679267812875139265e-01,-9.553964988071792508e-01
1.366707170331379118e+00,5.494312065190490868e-01
-1.090947058676621229e+00,-2.529823984303173567e+00
4.418080756172299006e-01,-8.076529806059676853e-01
-5.679539561153433835e-01,2.136788712618783670e+00
-3.163180416096281200e-01,1.907173281320712510e+00
-2.125416070005664793e+00,-1.779603210775706490e+00
-5.401365506496187407e-01,-1.662658978565920265e+00
4.863161757813855846e-01,-8.829480056950880229e-01
1.218018048124960839e-01,1.415130910717480317e+00
-5.364469107708289691e-02,-6.521239579734390279e-01
2.139781183685475208e-01,-1.402203488803047904e+00
-4.155741103762966571e-01,-9.601490897063699737e-02
8.711211592733730802e-02,-1.866220022577831095e-01
-2.869082273183599652e-01,-3.509582042144803737e-01
-1.401547146015896805e+00,1.366305478188399203e+00
2.160289427151097508e-01,4.282809655336580201e-01
-1.861406388120879773e-01,1.817136652006781095e+00
-1.814476083227694270e+00,-1.450180923584457826e+00
4.711411022461478026e-01,7.272553983863090377e-01
8.088974977869549665e-01,2.413192042724815189e-01
3.967094164330445816e-01,-4.325722386323894719e-01
-3.418493406868261530e-01,-3.723546716597598838e-01
-4.248010983398886053e-01,5.006009449681821932e-01
9.534996899809045079e-01,-5.382666110234471946e-01
5.913312335255985763e-01,-4.927532130587711778e-01
-7.435975954811291366e-01,1.648934010297800068e+00
-7.639032068147101340e-01,3.807730396037950493e-01
-8.238609114576255221e-01,1.493033942222127541e-01
1.710090037413586561e+00,-1.276513982050103413e-01
1.811791549383854338e+00,-2.853122812809378295e-01
-1.040484890720270394e+00,5.549740856406994993e-01
1.550878898947974482e+00,-9.178976924465070963e-01
-7.764881096249398595e-01,1.062953961088082711e+00
-8.726445671045809371e-01,4.602178372157786912e-01
7.473532066787841321e-01,-3.090943862839889533e+00
9.398246667317384784e-01,-7.801603679332531627e-01
6.405893883413728007e-01,-5.551347352850893868e-01
1.660868060121834855e+00,1.570828805427909591e+00
-1.464184320352621971e-01,4.329189422531396492e-01
3.194386913447256338e-01,7.878545131701093496e-01
-1.794172480807421310e+00,4.700166377677280627e-01
-8.889530172307789080e-01,2.753160156440079387e+00
-9.198187476904147175e-01,-5.326326479809309067e-01
3.003096071502258102e-01,1.785359257135281430e+00
1.260069948092511272e+00,-1.489786428949924912e-01
-5.682808087527767282e-02,1.757102809710962221e+00
2.395284773036707449e-01,-3.697736243659117128e-01
-1.750563392501454096e-01,-5.906728192390067744e-02
-6.742822294886526846e-01,3.854059348803622886e-01
-9.697462180472363191e-02,8.200643146620996138e-01
-8.178258898263431886e-01,-5.283028516803720542e-01
1.342156350875269410e+00,-1.045694644081208047e+00
4.898370967568297374e-01,-3.251835774885318553e-02
1.003342874190899237e-01,1.289745379229024769e+00
-4.590699976956972850e-01,5.841988151629841086e-01
-6.919303757421344514e-01,1.197066720622382618e+00
-1.168683491274498332e+00,-1.147241375707278355e+00
3.791158449799801877e-01,-1.576301169237622091e+00
1.046430081463612716e+00,2.022803406837055118e-01
-1.862696781944090718e+00,-6.147055373368486286e-01
2.690889629593378428e-03,-2.932965508713458735e-01
1.413132766588528932e+00,1.109004265986593098e-04
-1.063554656827400136e+00,7.558975020546588874e-01
3.637561824229353924e-01,1.797354838950934175e-01
-7.721342857002416737e-01,8.818667721710914398e-01
8.436050170121777159e-01,-1.483099193287912065e+00
-1.351024748489326965e+00,3.836654534445006065e-02
-7.853198095101164844e-01,8.902783128570948001e-01
-1.107770958625522439e+00,-1.789547327318138592e+00
-9.825855836858472525e-01,2.160480935608547967e-02
7.854554116313423595e-01,-4.434786133601428815e-01
1.502948430739320607e+00,2.245521460585607532e+00
-3.687676650680823866e-03,-1.341392304789492451e+00
6.103352407499714610e-02,-5.718748181701530653e-01
-1.955363906619048686e-01,-5.159323417704790860e-01
7.638284910627149982e-01,5.058363224442783412e-01
2.281621490773700633e-01,7.603203029178169370e-01
9.335964222657798794e-01,4.877625996920927909e-01
6.637669094116902535e-01,7.467712444585059561e-01
4.581135802069729035e-01,-2.010887234659890055e+00
2.751510023685503903e-01,1.638521469689538268e+00
1.448030815270968219e+00,8.553167970745821913e-01
5.579429451425903519e-01,-1.701791247424789377e+00
2.118626690839331417e+00,1.963405728675323481e+00
-8.645199328599493249e-01,2.071517219454012348e+00
-4.389914519137136928e-01,-5.136647419663644687e-01
3.225813511991127425e-01,2.302671352128195181e+00
-3.444571847519877217e-01,7.905158692099828466e-01
-7.088508649836564590e-01,1.694886963861573559e+00
-6.791056438661114969e-01,-1.221977779496408623e+00
6.228423088550208986e-01,8.765112436658488437e-02
6.182409523818458430e-01,-2.797990143380783556e-01
1.604025316355857725e-02,6.837717248608800036e-01
-4.500503332038315873e-01,9.857305103312207217e-01
-8.902622083242663908e-01,5.225524492888763417e-01
-3.598846172250440567e-01,9.641268230960906571e-01
8.466558786913093160e-01,-6.229861550900720468e-01
1.000092826714710004e+00,-8.433476522692849864e-01
1.568165772809938741e+00,-1.116068946136347106e+00
2.006072886731861793e+00,-5.106293878889633930e-01
-5.384467553038725374e-01,-1.735707933270746350e+00
-6.401680602853834223e-01,-3.201045708169177328e-01
5.956285955100369955e-01,-1.318242911866577938e+00
-1.026705568666652191e+00,1.749541076892915936e-02
-9.699341065235880244e-01,-5.891363678717164154e-01
-4.441201547334774347e-01,-1.390400318177836825e+00
9.450928246636801644e-01,-3.762840832252840051e-01
-1.182294979141454760e+00,2.635037661799187525e+00
-3.645141381264614400e-01,3.663611343148382438e-01
6.362861959905600218e-01,-1.646155001646577354e+00
-7.669608907742376802e-01,1.005225549686548980e+00
-1.642554345974993613e+00,4.369546447760498942e-01
4.219521277506711049e-02,1.254058148109880921e+00
-9.364952186635648601e-02,1.118787939677870824e+00
-4.525805441609880853e-01,1.540493747922327294e+00
1.324352729235703574e+00,-9.490955984752392771e-01
-1.243179428559327171e+00,-6.678861151380349748e-01
-2.395342715635421782e-01,-7.270073093636478245e-02
1.796512388074612776e+00,2.431414806813595453e-01
1.146075548762184454e-01,7.818407068076372868e-01
-1.292623321339972708e+00,-8.113677458189793024e-01
-4.106535094751250226e-01,9.751591195580798788e-01
4.022318061881240414e-01,4.926913016021424174e-01
2.906932887121272735e+00,-1.154604884114847296e+00
-3.955314427040397263e-01,-8.350904814446599156e-01
1.286925853953507559e+00,-5.968783089873395120e-01
6.679215702292520818e-02,6.460531079165959811e-01
-6.281766280452423246e-01,-2.298767355476042162e+00
-9.344613488569553095e-01,-2.963377124760337433e-01
8.267052910429163459e-01,9.251344833947217072e-02
1.721998167717336548e-01,1.733276749419756957e+00
2.411226717599889824e+00,1.164607437031387471e-01
9.838189877413274775e-01,1.331619409952099931e+00
8.913255712157229158e-03,1.266343241707255540e+00
7.118277248984057337e-01,-1.850492408196395155e+00
-1.414819229347927587e+00,-2.008396002532299440e-01
-7.531169801688203380e-01,-1.758591913121225536e+00
1.823747535019594856e+00,1.816610484498941414e-01
1.196313116078071559e+00,-5.190061314391676284e-01
1.526345727650452178e+00,-1.819881358621401879e-01
-1.051303291938288531e+00,3.676398541441585482e-02
4.264917769613367216e-01,1.059329390133787463e+00
-1.080182840198421701e+00,9.695099804739519544e-02
1.099781046206969926e+00,-3.349973398739959918e-01
8.763817337925029483e-01,-6.583576071949830411e-01
4.766923789688141122e-01,-1.513174619989324565e+00
5.613906558324111007e-01,4.568895779301638815e-01
2.600278152955470823e-01,-6.203593215456721932e-01
1.288381127470062670e-01,2.041698046090324681e+00
-8.387429795599422588e-01,-7.608764291773645327e-01
-3.724451891754317345e-01,1.010057706787460097e+00
-6.157481326257738807e-01,4.976871547937150586e-01
-1.216879448160983063e-01,-1.132659007925666261e-01
1.106213697188697331e+00,1.173853327664266866e+00
9.465471108207152984e-01,-6.300879716481078141e-01
-3.389396875258971487e-01,-4.520697082168966818e-01
-3.337720462095821183e-01,9.245789039541794097e-01
-1.172167303057854326e+00,-3.266678143361695374e-02
1.799022291569531418e-01,1.960117081958720198e-01
-1.831715659276721975e-01,-1.171261248337283289e+00
7.671121288811458827e-01,1.076206634356829506e+00
2.453199705874886394e-01,-1.191809402828855280e+00
-6.629352293953213460e-01,-7.073691723427756317e-01
-1.475446262790565566e+00,6.289189638622930123e-02
-1.492786713012209887e+00,-9.267166197966392183e-01
-6.427999123810075321e-01,-1.379373200026417168e+00
-9.273518360094863411e-01,1.160104806306144987e+00
-2.192233064447757229e-01,2.053231055758874268e-01
-5.613168540643546089e-01,-1.833299722080404148e+00
-3.194582320785161467e-01,2.013844347937296053e+00
1.471988574162966357e+00,-1.443309419003647953e+00
7.890157838652260558e-02,1.800967139938116190e+00
-6.254627933822800578e-01,5.192774807608061538e-01
-1.393802343260621690e+00,1.133216984772281943e+00
-3.925390505825999687e-01,-2.716445337557065742e-01
-1.263037855971371526e+00,-1.156700065782250819e+00
-5.559335853921433257e-01,-1.639794488997802002e+00
-6.175515083138840566e-01,2.289114881604883689e-01
9.062694780279338946e-01,2.307555607625391969e-01
-4.530265495849009755e-02,1.514954484091431963e+00
-3.060474269312829509e-01,-9.038354043374395852e-01
-1.339328157282569265e+00,8.790837362258889787e-01
6.198836619935771397e-01,3.082120316447716779e-01
-2.337302603562874115e-01,-5.481415877940134379e-02
5.703784384412143860e-01,3.176347399870945165e-01
1.654593006896877494e+00,-3.933840880934226791e-01
-1.369631606289902805e-02,-2.480518716377422273e+00
-1.257315904589733968e+00,7.209943041418006571e-01
3.275458137585980367e-01,5.779475484776454286e-02
7.583184619796687898e-01,2.860394388719502134e-01
-1.611241325678399061e+00,1.145048434887748323e+00
1.150233521665797287e+00,-1.434502400141212386e-01
-2.461463931504875191e+00,7.648631893065301890e-01
8.128550649650392312e-01,-6.862392881665056732e-02
-1.296557930124289937e-01,-8.728298375612529858e-01
-2.554484351587354984e-01,-8.946558602703548191e-01
1.631202065660967371e+00,6.136588896111588864e-01
5.065498822418245117e-01,3.923808756163093547e-01
1.258649806892741252e-01,2.664726099072565191e-01
1.090784707487756133e+00,1.684330494619806551e+00
3.328287926486712678e-01,-1.665884766972008380e-01
1.054961227494811471e+00,7.020006919373925625e-01
1.305532353913057664e+00,1.303099256425116204e-01
-2.157893475823720597e-01,-1.411434059042382394e+00
-2.757899080110465251e-01,6.314841901306395000e-01
1.158737955326651026e+00,-4.611234649428566645e-01
-2.594649385147916876e-01,1.725677076900211437e+00
-4.019075502583676074e-01,1.404398103992917091e-01
1.173040857239978862e+00,-1.031643778782571630e+00
1.699297889378467374e+00,4.227272821269986158e-01
1.209743252821094295e+00,2.268733066279069455e-01
-1.220608540707822876e+00,-4.444250922366616702e-02
-1.014740211367314571e-01,1.446511732535301631e+00
1.657605120944311283e-01,-4.087433528782422054e-01
4.954225469744519827e-01,7.506344805481195426e-01
-5.927062628265150623e-01,-1.031661810290030075e-03
-4.417618041494578707e-01,1.107471380354335011e+00
-6.060794645081071241e-01,3.129346350121791076e-01
4.804308984288171991e-01,4.452508231547002704e-01
2.936263763321241838e-01,4.372784359005673499e-03
-4.634652245170534646e-01,-3.992089518197535214e-01
-5.068361384125746882e-01,1.230823684924574390e+00
-4.602235175720855720e-01,5.681120357353196954e-02
-1.389650028170076101e+00,-1.591065006644614699e-01
2.042215570305997707e-01,2.878257947448441545e-01
2.178293809544178838e+00,4.009398844009394725e-01
8.785733177101257008e-01,-1.096703332552752430e+00
2.346925761693472001e+00,-2.438705739154883645e+00
-4.653391466116510444e-01,3.771722413794271755e-01
5.240000170906473631e-01,-1.586751386739051917e+00
7.135319799580261413e-02,-1.298068914408199159e+00
6.346964321748196913e-02,8.980379430488942827e-01
1.720006983122152278e+00,1.016465310054648574e+00
9.212798080985713511e-01,-1.270593697104436259e+00
-9.025850446468146604e-01,-6.537647752204100993e-01
4.467997673583800622e-01,-6.481237255766128698e-03
-6.314317039451281532e-01,3.168355933719033235e+00
-5.454304441065674913e-01,-2.035885713811754483e-01
1.757935685736395082e-01,7.695824704412831396e-01
1.246055299762595769e+00,-7.146408941697097728e-01
9.761579290727939728e-01,-1.470043805172214502e-01
-1.251807391027495164e+00,-8.317940121066673687e-01
5.288749190437824765e-01,-1.011214436014173046e+00
1.572010567507338585e+00,6.495698414611986715e-01
5.309082976195631520e-01,8.730072300363438398e-01
6.073151906435335645e-01,7.163373888976968251e-01
2.867523209225247838e-01,-2.670651875705306044e-01
